,target,horizon,q0.025,q0.25,q0.5,q0.75,q0.975
0,DAX,1 day,-1.6827441357261999,-0.37798892861156164,-0.07955042377658333,0.3009894597354569,1.4034716475963551
1,DAX,2 day,0.6815325327619673,2.141079245673114,2.512559615691057,2.848868624728237,4.250416954815515
2,DAX,5 day,1.86301966893701,3.4713514190431427,3.8186171862392526,4.051340332372013,5.369959758707045
3,DAX,6 day,2.726605143541813,4.458940606449789,4.926807030028478,5.167583892743489,6.360812476213584
4,DAX,7 day,2.897205602403716,4.782138893644,5.221956673319769,5.378429780383039,6.720687641158764
