,target,horizon,q0.025,q0.25,q0.5,q0.75,q0.975
0,DAX,1 day,-3.3212652715215762,-0.5496401384299521,0.057215117886944,0.715600117012638,2.719772003602724
1,DAX,2 day,-4.087894963565497,-0.8232496811426682,0.077741433828038,0.9760606891150214,3.5704923267932855
2,DAX,5 day,-5.259160853138978,-0.9176545001813086,0.1373407365475643,1.2095309770987495,4.628696965151875
3,DAX,6 day,-6.282628800683585,-1.044070446622447,0.18515619775909542,1.4358569899727502,5.367396415217598
4,DAX,7 day,-6.735741964137194,-1.0916464986804097,0.324014176064491,1.5530097315396674,6.259934085874841
