target,horizon,q0.025,q0.25,q0.5,q0.75,q0.975
DAX,1 day,[0.03340492],[0.12129751],[0.30792189],[0.56042504],[0.92113042]
DAX,2 day,[0.03340492],[0.12129751],[0.30792189],[0.56042504],[0.92113042]
DAX,5 day,[0.03340492],[0.12129751],[0.30792189],[0.56042504],[0.92113042]
DAX,6 day,[0.03340492],[0.12129751],[0.30792189],[0.56042504],[0.92113042]
DAX,7 day,[0.03340492],[0.12129751],[0.30792189],[0.56042504],[0.92113042]
