,target,horizon,q0.025,q0.25,q0.5,q0.75,q0.975
0,DAX,1 day,-3.3212652715215762,-0.551382771440112,0.06096872514413931,0.7208725693882645,2.719772003602724
1,DAX,2 day,-4.087894963565497,-0.8232496811426682,0.0723551404992584,0.9874199247088988,3.5704923267932855
2,DAX,5 day,-5.259160853138978,-0.9176545001813086,0.16179836530589853,1.2242848193747768,4.628696965151875
3,DAX,6 day,-6.282628800683585,-1.044070446622447,0.1860695241679977,1.4408152518611494,5.367396415217598
4,DAX,7 day,-6.735741964137194,-1.0916464986804097,0.3261898885072334,1.573728977838229,6.259934085874841
